{"cameraMode":{"drawMode":0,"name":"Shaded","section":"Shading Mode"},"sceneLighting":true,"audioPlay":false,"sceneViewState":{"m_AlwaysRefresh":true,"showFog":false,"showSkybox":true,"showFlares":false,"showImageEffects":false,"showParticleSystems":true,"showVisualEffectGraphs":true,"m_FxEnabled":true},"in2DMode":false,"pivot":{"x":1.8565555810928345,"y":0.517176628112793,"z":5.749561309814453},"rotation":{"x":-0.09615948796272278,"y":-0.005377866793423891,"z":0.0005196175770834088,"w":-0.9953519105911255},"size":5.542631149291992,"orthographic":false}